eco,opening_name,month,actual,forecast,lower_ci,upper_ci,is_forecast,structural_break
A00,Polish Opening,2023-01,0.4898231009365245,,,,False,False
A00,Polish Opening,2023-02,0.4905358837337062,,,,False,False
A00,Polish Opening,2023-03,0.4932314703122906,,,,False,False
A00,Polish Opening,2023-04,0.4915189993366815,,,,False,False
A00,Polish Opening,2023-05,0.5022849644812452,,,,False,False
A00,Polish Opening,2023-06,0.4965817808921552,,,,False,False
A00,Polish Opening,2023-07,0.4934255117256337,,,,False,False
A00,Polish Opening,2023-08,0.4918770198270591,,,,False,False
A00,Polish Opening,2023-09,0.493053326608281,,,,False,False
A00,Polish Opening,2023-10,0.5043865508795369,,,,False,False
A00,Polish Opening,2023-11,0.501071861310467,,,,False,False
A00,Polish Opening,2023-12,0.5027423086811209,,,,False,False
A00,Polish Opening,2024-01,0.4936404689895182,,,,False,True
A00,Polish Opening,2024-02,0.4867892016082711,,,,False,True
A00,Polish Opening,2024-03,0.4900834604684555,,,,False,False
A00,Polish Opening,2024-04,0.4876792567158149,,,,False,False
A00,Polish Opening,2024-05,0.4913784980684066,,,,False,False
A00,Polish Opening,2024-06,0.5002332524724762,,,,False,False
A00,Polish Opening,2024-07,0.4925565746416555,,,,False,False
A00,Polish Opening,2024-08,0.4996840109542869,,,,False,False
A00,Polish Opening,2024-09,0.4990498465136675,,,,False,False
A00,Polish Opening,2024-10,0.4996146348098109,,,,False,False
A00,Polish Opening,2024-11,0.4984043291244623,,,,False,False
A00,Polish Opening,2024-12,0.5035265936210798,,,,False,False
A00,Polish Opening,2025-01,0.4959032729527437,,,,False,False
A00,Polish Opening,2025-02,0.5017313019390581,,,,False,False
A00,Polish Opening,2025-03,0.4934207467336216,,,,False,False
A00,Polish Opening,2025-04,0.4985972966080081,,,,False,False
A00,Polish Opening,2025-05,0.4927169094363521,,,,False,False
A00,Polish Opening,2025-06,0.4993154034229828,,,,False,False
A00,Polish Opening,2025-07,0.5032189872201402,,,,False,False
A00,Polish Opening,2025-08,0.4922092663295841,,,,False,False
A00,Polish Opening,2025-09,0.4982877673609162,,,,False,False
A00,Polish Opening,2025-10,0.5037298587626815,,,,False,False
A00,Polish Opening,2025-11,0.5004442586107772,,,,False,False
A00,Polish Opening,2025-12,0.4975276170436612,,,,False,False
A00,Polish Opening,2026-01,0.5014329633682455,,,,False,False
A00,Polish Opening,2026-02,0.5083265083265083,,,,False,False
A00,Polish Opening,2026-03,0.4989827604668594,,,,False,False
A00,Polish Opening,2026-04,,0.497547,0.488062,0.507032,True,False
A00,Polish Opening,2026-05,,0.49707,0.487075,0.507064,True,False
A00,Polish Opening,2026-06,,0.496911,0.486862,0.50696,True,False
A10,English Opening,2023-01,0.4992596656997268,,,,False,False
A10,English Opening,2023-02,0.5007322670810227,,,,False,False
A10,English Opening,2023-03,0.504802966214039,,,,False,False
A10,English Opening,2023-04,0.5027367055239159,,,,False,False
A10,English Opening,2023-05,0.5003182891354623,,,,False,False
A10,English Opening,2023-06,0.5027856480639096,,,,False,False
A10,English Opening,2023-07,0.500529298477576,,,,False,False
A10,English Opening,2023-08,0.5000467150804774,,,,False,False
A10,English Opening,2023-09,0.5014283044557759,,,,False,False
A10,English Opening,2023-10,0.5021598868448662,,,,False,False
A10,English Opening,2023-11,0.5031975707910821,,,,False,False
A10,English Opening,2023-12,0.5026694967141516,,,,False,False
A10,English Opening,2024-01,0.5010194971034655,,,,False,False
A10,English Opening,2024-02,0.5027449683032161,,,,False,False
A10,English Opening,2024-03,0.5020716653947805,,,,False,False
A10,English Opening,2024-04,0.5036754571349812,,,,False,False
A10,English Opening,2024-05,0.5022194884853282,,,,False,False
A10,English Opening,2024-06,0.5033171406202068,,,,False,False
A10,English Opening,2024-07,0.502708652286954,,,,False,False
A10,English Opening,2024-08,0.5000734021682556,,,,False,False
A10,English Opening,2024-09,0.5009719288220222,,,,False,False
A10,English Opening,2024-10,0.501604413608324,,,,False,False
A10,English Opening,2024-11,0.5020865569465935,,,,False,False
A10,English Opening,2024-12,0.5026344273963602,,,,False,False
A10,English Opening,2025-01,0.5015471805997006,,,,False,False
A10,English Opening,2025-02,0.5031583317681715,,,,False,False
A10,English Opening,2025-03,0.5011899137698852,,,,False,False
A10,English Opening,2025-04,0.50230172984214,,,,False,False
A10,English Opening,2025-05,0.5009729388325663,,,,False,False
A10,English Opening,2025-06,0.5021217557708408,,,,False,False
A10,English Opening,2025-07,0.5031197520582171,,,,False,False
A10,English Opening,2025-08,0.5024671744311013,,,,False,False
A10,English Opening,2025-09,0.5036401494454864,,,,False,False
A10,English Opening,2025-10,0.5020632737276479,,,,False,False
A10,English Opening,2025-11,0.5036418302833515,,,,False,False
A10,English Opening,2025-12,0.5025953592669321,,,,False,False
A10,English Opening,2026-01,0.5029955971688124,,,,False,False
A10,English Opening,2026-02,0.502506435442352,,,,False,False
A10,English Opening,2026-03,0.5012575654334843,,,,False,False
A10,English Opening,2026-04,,0.502086,0.499797,0.504376,True,False
A10,English Opening,2026-05,,0.502086,0.499797,0.504376,True,False
A10,English Opening,2026-06,,0.502086,0.499797,0.504376,True,False
A45,Trompowsky Attack,2023-01,0.4968114039200975,,,,False,False
A45,Trompowsky Attack,2023-02,0.4959658528967779,,,,False,False
A45,Trompowsky Attack,2023-03,0.4979291983039148,,,,False,False
A45,Trompowsky Attack,2023-04,0.5022176087571955,,,,False,False
A45,Trompowsky Attack,2023-05,0.5053852909906162,,,,False,False
A45,Trompowsky Attack,2023-06,0.4934431823721542,,,,False,False
A45,Trompowsky Attack,2023-07,0.5053181202862116,,,,False,False
A45,Trompowsky Attack,2023-08,0.5036516853932584,,,,False,False
A45,Trompowsky Attack,2023-09,0.5010047221943132,,,,False,False
A45,Trompowsky Attack,2023-10,0.5016900048285853,,,,False,False
A45,Trompowsky Attack,2023-11,0.4982437569167108,,,,False,False
A45,Trompowsky Attack,2023-12,0.5011092754307293,,,,False,False
A45,Trompowsky Attack,2024-01,0.4988767200224656,,,,False,False
A45,Trompowsky Attack,2024-02,0.5026367655675704,,,,False,False
A45,Trompowsky Attack,2024-03,0.5046243962593773,,,,False,False
A45,Trompowsky Attack,2024-04,0.4976686990828508,,,,False,False
A45,Trompowsky Attack,2024-05,0.503168754605748,,,,False,False
A45,Trompowsky Attack,2024-06,0.5010433100921167,,,,False,False
A45,Trompowsky Attack,2024-07,0.5029709004113554,,,,False,False
A45,Trompowsky Attack,2024-08,0.5033515198752923,,,,False,False
A45,Trompowsky Attack,2024-09,0.5018585414376211,,,,False,False
A45,Trompowsky Attack,2024-10,0.5010276204321018,,,,False,False
A45,Trompowsky Attack,2024-11,0.4955858538369116,,,,False,False
A45,Trompowsky Attack,2024-12,0.5046404288053997,,,,False,False
A45,Trompowsky Attack,2025-01,0.5000733317037399,,,,False,False
A45,Trompowsky Attack,2025-02,0.4974781937933899,,,,False,False
A45,Trompowsky Attack,2025-03,0.5083427830876397,,,,False,False
A45,Trompowsky Attack,2025-04,0.5009822047608042,,,,False,True
A45,Trompowsky Attack,2025-05,0.4957190284815656,,,,False,True
A45,Trompowsky Attack,2025-06,0.497521613832853,,,,False,False
A45,Trompowsky Attack,2025-07,0.4939388952882453,,,,False,False
A45,Trompowsky Attack,2025-08,0.5,,,,False,False
A45,Trompowsky Attack,2025-09,0.5067409977814438,,,,False,False
A45,Trompowsky Attack,2025-10,0.4994238050814904,,,,False,False
A45,Trompowsky Attack,2025-11,0.5045045045045045,,,,False,False
A45,Trompowsky Attack,2025-12,0.5013567438148444,,,,False,False
A45,Trompowsky Attack,2026-01,0.5047020287404903,,,,False,False
A45,Trompowsky Attack,2026-02,0.5073073915919889,,,,False,False
A45,Trompowsky Attack,2026-03,0.5033003300330033,,,,False,False
A45,Trompowsky Attack,2026-04,,0.501067,0.493929,0.508205,True,False
A45,Trompowsky Attack,2026-05,,0.501067,0.493929,0.508205,True,False
A45,Trompowsky Attack,2026-06,,0.501067,0.493929,0.508205,True,False
B01,Scandinavian Defense,2023-01,0.4814494294509625,,,,False,False
B01,Scandinavian Defense,2023-02,0.4818153387663496,,,,False,False
B01,Scandinavian Defense,2023-03,0.4806583766905042,,,,False,False
B01,Scandinavian Defense,2023-04,0.4798618536131454,,,,False,False
B01,Scandinavian Defense,2023-05,0.4823373244720287,,,,False,False
B01,Scandinavian Defense,2023-06,0.4803507289245721,,,,False,False
B01,Scandinavian Defense,2023-07,0.4841043729932618,,,,False,False
B01,Scandinavian Defense,2023-08,0.4840458925110773,,,,False,False
B01,Scandinavian Defense,2023-09,0.482993484867701,,,,False,False
B01,Scandinavian Defense,2023-10,0.4805149974343425,,,,False,False
B01,Scandinavian Defense,2023-11,0.4820985586608993,,,,False,False
B01,Scandinavian Defense,2023-12,0.4802399656425031,,,,False,False
B01,Scandinavian Defense,2024-01,0.4813510988305414,,,,False,False
B01,Scandinavian Defense,2024-02,0.481372963418383,,,,False,False
B01,Scandinavian Defense,2024-03,0.4810715834151016,,,,False,False
B01,Scandinavian Defense,2024-04,0.4801567544919035,,,,False,False
B01,Scandinavian Defense,2024-05,0.4817508107823271,,,,False,False
B01,Scandinavian Defense,2024-06,0.4809651061205612,,,,False,False
B01,Scandinavian Defense,2024-07,0.4809522876841116,,,,False,False
B01,Scandinavian Defense,2024-08,0.4809402189968837,,,,False,False
B01,Scandinavian Defense,2024-09,0.4812382739212008,,,,False,False
B01,Scandinavian Defense,2024-10,0.4859713673746658,,,,False,False
B01,Scandinavian Defense,2024-11,0.4838219260123773,,,,False,False
B01,Scandinavian Defense,2024-12,0.4815304381263668,,,,False,False
B01,Scandinavian Defense,2025-01,0.4824203126323417,,,,False,False
B01,Scandinavian Defense,2025-02,0.4821104938503982,,,,False,False
B01,Scandinavian Defense,2025-03,0.4837309771187849,,,,False,False
B01,Scandinavian Defense,2025-04,0.4801906128304981,,,,False,False
B01,Scandinavian Defense,2025-05,0.4795732978575541,,,,False,False
B01,Scandinavian Defense,2025-06,0.4810013153137101,,,,False,False
B01,Scandinavian Defense,2025-07,0.482267385957632,,,,False,False
B01,Scandinavian Defense,2025-08,0.4843980864408005,,,,False,False
B01,Scandinavian Defense,2025-09,0.4815154685900054,,,,False,False
B01,Scandinavian Defense,2025-10,0.4801944602440411,,,,False,False
B01,Scandinavian Defense,2025-11,0.4798028960639708,,,,False,False
B01,Scandinavian Defense,2025-12,0.4818449972591297,,,,False,False
B01,Scandinavian Defense,2026-01,0.4835918758995682,,,,False,False
B01,Scandinavian Defense,2026-02,0.4818379046626347,,,,False,False
B01,Scandinavian Defense,2026-03,0.4828278607658112,,,,False,False
B01,Scandinavian Defense,2026-04,,0.482096,0.479367,0.484825,True,False
B01,Scandinavian Defense,2026-05,,0.481765,0.47893,0.4846,True,False
B01,Scandinavian Defense,2026-06,,0.481765,0.47893,0.4846,True,False
B06,Modern Defense,2023-01,0.4856622617645776,,,,False,False
B06,Modern Defense,2023-02,0.4866109438894818,,,,False,False
B06,Modern Defense,2023-03,0.4852860316273341,,,,False,False
B06,Modern Defense,2023-04,0.4893731843703712,,,,False,False
B06,Modern Defense,2023-05,0.4834944312518813,,,,False,False
B06,Modern Defense,2023-06,0.4908157848168465,,,,False,False
B06,Modern Defense,2023-07,0.4836303013821724,,,,False,False
B06,Modern Defense,2023-08,0.4848473832806233,,,,False,False
B06,Modern Defense,2023-09,0.4848006810897436,,,,False,False
B06,Modern Defense,2023-10,0.4880662503917645,,,,False,False
B06,Modern Defense,2023-11,0.4892614828915897,,,,False,False
B06,Modern Defense,2023-12,0.4839533478503756,,,,False,False
B06,Modern Defense,2024-01,0.4866371572879617,,,,False,False
B06,Modern Defense,2024-02,0.4832277854739759,,,,False,False
B06,Modern Defense,2024-03,0.4869400142962607,,,,False,False
B06,Modern Defense,2024-04,0.4873309248733092,,,,False,False
B06,Modern Defense,2024-05,0.4868270998673401,,,,False,True
B06,Modern Defense,2024-06,0.4886636636636636,,,,False,True
B06,Modern Defense,2024-07,0.4850112185971236,,,,False,True
B06,Modern Defense,2024-08,0.4903696782105939,,,,False,True
B06,Modern Defense,2024-09,0.4908319031704453,,,,False,True
B06,Modern Defense,2024-10,0.4880609823817456,,,,False,True
B06,Modern Defense,2024-11,0.4938647061934733,,,,False,True
B06,Modern Defense,2024-12,0.489824035579619,,,,False,True
B06,Modern Defense,2025-01,0.4859796133057641,,,,False,True
B06,Modern Defense,2025-02,0.4902656088306312,,,,False,False
B06,Modern Defense,2025-03,0.4891555776644696,,,,False,True
B06,Modern Defense,2025-04,0.4883664171819069,,,,False,True
B06,Modern Defense,2025-05,0.4877845641310383,,,,False,True
B06,Modern Defense,2025-06,0.486578449905482,,,,False,False
B06,Modern Defense,2025-07,0.4849989323083493,,,,False,False
B06,Modern Defense,2025-08,0.4897119341563786,,,,False,False
B06,Modern Defense,2025-09,0.4855527909217736,,,,False,False
B06,Modern Defense,2025-10,0.4870774806196269,,,,False,False
B06,Modern Defense,2025-11,0.4874536892531925,,,,False,False
B06,Modern Defense,2025-12,0.4895856841322731,,,,False,False
B06,Modern Defense,2026-01,0.4842878931313769,,,,False,False
B06,Modern Defense,2026-02,0.4862388041995373,,,,False,False
B06,Modern Defense,2026-03,0.4869928638444261,,,,False,False
B06,Modern Defense,2026-04,,0.486527,0.481882,0.491172,True,False
B06,Modern Defense,2026-05,,0.486674,0.48202,0.491328,True,False
B06,Modern Defense,2026-06,,0.486628,0.481685,0.491571,True,False
B07,Pirc Defense,2023-01,0.4796891681397343,,,,False,False
B07,Pirc Defense,2023-02,0.4779945156459674,,,,False,False
B07,Pirc Defense,2023-03,0.4787406394009216,,,,False,False
B07,Pirc Defense,2023-04,0.4806584065696585,,,,False,False
B07,Pirc Defense,2023-05,0.4782092531098914,,,,False,False
B07,Pirc Defense,2023-06,0.4798554526659601,,,,False,False
B07,Pirc Defense,2023-07,0.4805939744826847,,,,False,False
B07,Pirc Defense,2023-08,0.4828633634160901,,,,False,False
B07,Pirc Defense,2023-09,0.4804996608636672,,,,False,False
B07,Pirc Defense,2023-10,0.4809174080155909,,,,False,False
B07,Pirc Defense,2023-11,0.4805782408711161,,,,False,False
B07,Pirc Defense,2023-12,0.4810753205679122,,,,False,False
B07,Pirc Defense,2024-01,0.4833641404805915,,,,False,False
B07,Pirc Defense,2024-02,0.4809280377506881,,,,False,False
B07,Pirc Defense,2024-03,0.4814317040390464,,,,False,False
B07,Pirc Defense,2024-04,0.4800901004085061,,,,False,False
B07,Pirc Defense,2024-05,0.4854123926580854,,,,False,False
B07,Pirc Defense,2024-06,0.4827525103366804,,,,False,False
B07,Pirc Defense,2024-07,0.483829845652984,,,,False,False
B07,Pirc Defense,2024-08,0.4806940604442749,,,,False,True
B07,Pirc Defense,2024-09,0.4831057510216286,,,,False,False
B07,Pirc Defense,2024-10,0.4790284841335834,,,,False,True
B07,Pirc Defense,2024-11,0.4831207332094616,,,,False,False
B07,Pirc Defense,2024-12,0.4794594999812586,,,,False,True
B07,Pirc Defense,2025-01,0.4819294800022026,,,,False,False
B07,Pirc Defense,2025-02,0.4823332059285684,,,,False,False
B07,Pirc Defense,2025-03,0.4829007004532344,,,,False,False
B07,Pirc Defense,2025-04,0.481292450237525,,,,False,True
B07,Pirc Defense,2025-05,0.4802577799745262,,,,False,True
B07,Pirc Defense,2025-06,0.4774506582126771,,,,False,True
B07,Pirc Defense,2025-07,0.482734122310094,,,,False,False
B07,Pirc Defense,2025-08,0.4816702160024338,,,,False,False
B07,Pirc Defense,2025-09,0.4823734729493892,,,,False,False
B07,Pirc Defense,2025-10,0.4839504162510941,,,,False,False
B07,Pirc Defense,2025-11,0.4853614896085255,,,,False,False
B07,Pirc Defense,2025-12,0.4843485458444637,,,,False,False
B07,Pirc Defense,2026-01,0.4816342042755344,,,,False,False
B07,Pirc Defense,2026-02,0.4819735146894207,,,,False,False
B07,Pirc Defense,2026-03,0.4903367854521732,,,,False,False
B07,Pirc Defense,2026-04,,0.483291,0.478975,0.487606,True,False
B07,Pirc Defense,2026-05,,0.484798,0.480422,0.489175,True,False
B07,Pirc Defense,2026-06,,0.482779,0.478147,0.487411,True,False
B12,Caro-Kann Defense,2023-01,0.4794851650647722,,,,False,False
B12,Caro-Kann Defense,2023-02,0.4766434899547057,,,,False,False
B12,Caro-Kann Defense,2023-03,0.4783118093462921,,,,False,False
B12,Caro-Kann Defense,2023-04,0.4776391940825106,,,,False,False
B12,Caro-Kann Defense,2023-05,0.4767626987639803,,,,False,False
B12,Caro-Kann Defense,2023-06,0.4789173186720237,,,,False,False
B12,Caro-Kann Defense,2023-07,0.4786224298615623,,,,False,False
B12,Caro-Kann Defense,2023-08,0.4782261749681151,,,,False,False
B12,Caro-Kann Defense,2023-09,0.4762143287002836,,,,False,False
B12,Caro-Kann Defense,2023-10,0.4783877510495858,,,,False,False
B12,Caro-Kann Defense,2023-11,0.4796402236095099,,,,False,False
B12,Caro-Kann Defense,2023-12,0.4784314915394807,,,,False,False
B12,Caro-Kann Defense,2024-01,0.4790645633523498,,,,False,False
B12,Caro-Kann Defense,2024-02,0.4807399490498082,,,,False,False
B12,Caro-Kann Defense,2024-03,0.4787025441891953,,,,False,False
B12,Caro-Kann Defense,2024-04,0.4798239288504297,,,,False,False
B12,Caro-Kann Defense,2024-05,0.4798537820793365,,,,False,False
B12,Caro-Kann Defense,2024-06,0.4800747708095951,,,,False,False
B12,Caro-Kann Defense,2024-07,0.4799953329128093,,,,False,False
B12,Caro-Kann Defense,2024-08,0.4791901744640222,,,,False,False
B12,Caro-Kann Defense,2024-09,0.4791339555572452,,,,False,False
B12,Caro-Kann Defense,2024-10,0.4814640202976265,,,,False,False
B12,Caro-Kann Defense,2024-11,0.4788991441767458,,,,False,False
B12,Caro-Kann Defense,2024-12,0.4796312551873952,,,,False,False
B12,Caro-Kann Defense,2025-01,0.4825453772174127,,,,False,True
B12,Caro-Kann Defense,2025-02,0.4800615779948763,,,,False,False
B12,Caro-Kann Defense,2025-03,0.4830491344085245,,,,False,True
B12,Caro-Kann Defense,2025-04,0.4846319203499774,,,,False,True
B12,Caro-Kann Defense,2025-05,0.4838510299360222,,,,False,False
B12,Caro-Kann Defense,2025-06,0.4824336392483231,,,,False,False
B12,Caro-Kann Defense,2025-07,0.4834954616135681,,,,False,False
B12,Caro-Kann Defense,2025-08,0.4832094942475942,,,,False,False
B12,Caro-Kann Defense,2025-09,0.4834042318321775,,,,False,False
B12,Caro-Kann Defense,2025-10,0.4823882183253625,,,,False,False
B12,Caro-Kann Defense,2025-11,0.4829807452642073,,,,False,False
B12,Caro-Kann Defense,2025-12,0.4814149080176642,,,,False,False
B12,Caro-Kann Defense,2026-01,0.484641407561211,,,,False,False
B12,Caro-Kann Defense,2026-02,0.4851011808989283,,,,False,False
B12,Caro-Kann Defense,2026-03,0.4844599044121508,,,,False,False
B12,Caro-Kann Defense,2026-04,,0.484564,0.482048,0.48708,True,False
B12,Caro-Kann Defense,2026-05,,0.484732,0.482054,0.48741,True,False
B12,Caro-Kann Defense,2026-06,,0.4849,0.482069,0.487731,True,False
B20,Sicilian Defense,2023-01,0.4829946904899529,,,,False,False
B20,Sicilian Defense,2023-02,0.4826027278022912,,,,False,False
B20,Sicilian Defense,2023-03,0.4823264645721543,,,,False,False
B20,Sicilian Defense,2023-04,0.4821075721161582,,,,False,False
B20,Sicilian Defense,2023-05,0.4834489042486897,,,,False,False
B20,Sicilian Defense,2023-06,0.4842554468754282,,,,False,False
B20,Sicilian Defense,2023-07,0.4836194720168408,,,,False,False
B20,Sicilian Defense,2023-08,0.4825246394907327,,,,False,True
B20,Sicilian Defense,2023-09,0.4821757728689597,,,,False,True
B20,Sicilian Defense,2023-10,0.4814415623636791,,,,False,False
B20,Sicilian Defense,2023-11,0.4827104932958776,,,,False,False
B20,Sicilian Defense,2023-12,0.4811785735027457,,,,False,False
B20,Sicilian Defense,2024-01,0.4822537836369768,,,,False,False
B20,Sicilian Defense,2024-02,0.482498223419405,,,,False,False
B20,Sicilian Defense,2024-03,0.4820144654197337,,,,False,False
B20,Sicilian Defense,2024-04,0.4827144795206239,,,,False,False
B20,Sicilian Defense,2024-05,0.4827281835638481,,,,False,False
B20,Sicilian Defense,2024-06,0.4818281566144992,,,,False,False
B20,Sicilian Defense,2024-07,0.4826216287772066,,,,False,False
B20,Sicilian Defense,2024-08,0.4833280441838842,,,,False,False
B20,Sicilian Defense,2024-09,0.4827969004798273,,,,False,False
B20,Sicilian Defense,2024-10,0.4838804244947189,,,,False,False
B20,Sicilian Defense,2024-11,0.4825442825218333,,,,False,False
B20,Sicilian Defense,2024-12,0.4818662921974554,,,,False,False
B20,Sicilian Defense,2025-01,0.4826239467688858,,,,False,False
B20,Sicilian Defense,2025-02,0.4826680736714235,,,,False,False
B20,Sicilian Defense,2025-03,0.4827843733461361,,,,False,False
B20,Sicilian Defense,2025-04,0.4834471988486046,,,,False,False
B20,Sicilian Defense,2025-05,0.4814478416874752,,,,False,False
B20,Sicilian Defense,2025-06,0.4828532256404212,,,,False,False
B20,Sicilian Defense,2025-07,0.4824782112471467,,,,False,False
B20,Sicilian Defense,2025-08,0.484071503324753,,,,False,False
B20,Sicilian Defense,2025-09,0.4840294344217484,,,,False,False
B20,Sicilian Defense,2025-10,0.4821533717789095,,,,False,False
B20,Sicilian Defense,2025-11,0.4839823830818535,,,,False,False
B20,Sicilian Defense,2025-12,0.4819634197519351,,,,False,False
B20,Sicilian Defense,2026-01,0.4820489044780718,,,,False,False
B20,Sicilian Defense,2026-02,0.48351807904513,,,,False,False
B20,Sicilian Defense,2026-03,0.4838710712457947,,,,False,False
B20,Sicilian Defense,2026-04,,0.482728,0.48121,0.484246,True,False
B20,Sicilian Defense,2026-05,,0.482728,0.48121,0.484246,True,False
B20,Sicilian Defense,2026-06,,0.482728,0.48121,0.484246,True,False
C00,French Defense,2023-01,0.4844096869011021,,,,False,False
C00,French Defense,2023-02,0.4871242515894081,,,,False,False
C00,French Defense,2023-03,0.4858645794592645,,,,False,False
C00,French Defense,2023-04,0.4850994007002068,,,,False,False
C00,French Defense,2023-05,0.4850666044797342,,,,False,False
C00,French Defense,2023-06,0.4867474350839808,,,,False,False
C00,French Defense,2023-07,0.4861993308587509,,,,False,False
C00,French Defense,2023-08,0.4871648211535425,,,,False,False
C00,French Defense,2023-09,0.4860676370800044,,,,False,False
C00,French Defense,2023-10,0.4855317192767392,,,,False,False
C00,French Defense,2023-11,0.4849616190901678,,,,False,False
C00,French Defense,2023-12,0.4849692819959668,,,,False,False
C00,French Defense,2024-01,0.4857681190700496,,,,False,False
C00,French Defense,2024-02,0.4866443750161378,,,,False,False
C00,French Defense,2024-03,0.4846799532490399,,,,False,False
C00,French Defense,2024-04,0.4841582502074729,,,,False,False
C00,French Defense,2024-05,0.486002647463059,,,,False,False
C00,French Defense,2024-06,0.4825564518851048,,,,False,False
C00,French Defense,2024-07,0.4864095663988814,,,,False,False
C00,French Defense,2024-08,0.4873019783764066,,,,False,False
C00,French Defense,2024-09,0.485116589033203,,,,False,False
C00,French Defense,2024-10,0.48253151165641,,,,False,False
C00,French Defense,2024-11,0.4850433796690746,,,,False,False
C00,French Defense,2024-12,0.4860168626367687,,,,False,True
C00,French Defense,2025-01,0.4874299975651327,,,,False,False
C00,French Defense,2025-02,0.485755581758016,,,,False,False
C00,French Defense,2025-03,0.4853344246069511,,,,False,False
C00,French Defense,2025-04,0.4870713474480023,,,,False,False
C00,French Defense,2025-05,0.4866677128490816,,,,False,False
C00,French Defense,2025-06,0.4851904234821465,,,,False,False
C00,French Defense,2025-07,0.4877891563477214,,,,False,False
C00,French Defense,2025-08,0.4866215828794036,,,,False,False
C00,French Defense,2025-09,0.487343967966,,,,False,False
C00,French Defense,2025-10,0.4862940984320557,,,,False,False
C00,French Defense,2025-11,0.4869610157912063,,,,False,False
C00,French Defense,2025-12,0.4865375451592953,,,,False,False
C00,French Defense,2026-01,0.4851719964214921,,,,False,False
C00,French Defense,2026-02,0.4853663863710822,,,,False,False
C00,French Defense,2026-03,0.4869867385291823,,,,False,False
C00,French Defense,2026-04,,0.485845,0.483507,0.488183,True,False
C00,French Defense,2026-05,,0.485845,0.483507,0.488183,True,False
C00,French Defense,2026-06,,0.485845,0.483507,0.488183,True,False
C20,King's Gambit,2023-01,0.4813817650816829,,,,False,False
C20,King's Gambit,2023-02,0.4795595661892541,,,,False,False
C20,King's Gambit,2023-03,0.4799902762162326,,,,False,False
C20,King's Gambit,2023-04,0.4742696413731381,,,,False,False
C20,King's Gambit,2023-05,0.4810078380350966,,,,False,False
C20,King's Gambit,2023-06,0.4784904281990403,,,,False,False
C20,King's Gambit,2023-07,0.4783662166839736,,,,False,False
C20,King's Gambit,2023-08,0.4806827336197637,,,,False,False
C20,King's Gambit,2023-09,0.4791798161068559,,,,False,False
C20,King's Gambit,2023-10,0.4789978140238776,,,,False,False
C20,King's Gambit,2023-11,0.4791244287137899,,,,False,False
C20,King's Gambit,2023-12,0.4792422942380041,,,,False,False
C20,King's Gambit,2024-01,0.4800608313619466,,,,False,False
C20,King's Gambit,2024-02,0.4813879888478637,,,,False,False
C20,King's Gambit,2024-03,0.4789422135161606,,,,False,False
C20,King's Gambit,2024-04,0.4849484912024797,,,,False,False
C20,King's Gambit,2024-05,0.4815596313729733,,,,False,False
C20,King's Gambit,2024-06,0.4772939528367966,,,,False,False
C20,King's Gambit,2024-07,0.4799909987623298,,,,False,False
C20,King's Gambit,2024-08,0.4823828417838401,,,,False,False
C20,King's Gambit,2024-09,0.4826026110461438,,,,False,False
C20,King's Gambit,2024-10,0.4796037515537308,,,,False,False
C20,King's Gambit,2024-11,0.4818840579710144,,,,False,False
C20,King's Gambit,2024-12,0.4800996391743136,,,,False,False
C20,King's Gambit,2025-01,0.483481048463134,,,,False,False
C20,King's Gambit,2025-02,0.4807923917106192,,,,False,False
C20,King's Gambit,2025-03,0.4809542564564226,,,,False,False
C20,King's Gambit,2025-04,0.4798670876932285,,,,False,False
C20,King's Gambit,2025-05,0.4811367659049778,,,,False,False
C20,King's Gambit,2025-06,0.4824753099390628,,,,False,False
C20,King's Gambit,2025-07,0.4775807918009753,,,,False,False
C20,King's Gambit,2025-08,0.4811152570480929,,,,False,False
C20,King's Gambit,2025-09,0.474769325857578,,,,False,False
C20,King's Gambit,2025-10,0.4836599901034831,,,,False,False
C20,King's Gambit,2025-11,0.4864841182913472,,,,False,False
C20,King's Gambit,2025-12,0.4840906251301486,,,,False,False
C20,King's Gambit,2026-01,0.4800193192079124,,,,False,False
C20,King's Gambit,2026-02,0.4791465738279504,,,,False,False
C20,King's Gambit,2026-03,0.4762168014189298,,,,False,False
C20,King's Gambit,2026-04,,0.480329,0.475504,0.485155,True,False
C20,King's Gambit,2026-05,,0.480329,0.475504,0.485155,True,False
C20,King's Gambit,2026-06,,0.480329,0.475504,0.485155,True,False
C41,Philidor Defense,2023-01,0.5090476093549635,,,,False,False
C41,Philidor Defense,2023-02,0.5148217804048003,,,,False,False
C41,Philidor Defense,2023-03,0.5112829640540928,,,,False,False
C41,Philidor Defense,2023-04,0.5132356613668526,,,,False,False
C41,Philidor Defense,2023-05,0.5108656399362719,,,,False,False
C41,Philidor Defense,2023-06,0.5128981955892181,,,,False,False
C41,Philidor Defense,2023-07,0.5121463152232383,,,,False,False
C41,Philidor Defense,2023-08,0.5110427305661036,,,,False,False
C41,Philidor Defense,2023-09,0.5139331915647705,,,,False,False
C41,Philidor Defense,2023-10,0.5113131223328592,,,,False,False
C41,Philidor Defense,2023-11,0.5134668905398256,,,,False,False
C41,Philidor Defense,2023-12,0.5109781317375809,,,,False,False
C41,Philidor Defense,2024-01,0.5124739673724401,,,,False,False
C41,Philidor Defense,2024-02,0.5107657477065302,,,,False,False
C41,Philidor Defense,2024-03,0.5123430349212075,,,,False,False
C41,Philidor Defense,2024-04,0.5128504946095741,,,,False,False
C41,Philidor Defense,2024-05,0.5090148532569793,,,,False,False
C41,Philidor Defense,2024-06,0.5109434508026804,,,,False,False
C41,Philidor Defense,2024-07,0.5092315602505375,,,,False,False
C41,Philidor Defense,2024-08,0.5106097043429056,,,,False,False
C41,Philidor Defense,2024-09,0.5112817454400874,,,,False,False
C41,Philidor Defense,2024-10,0.5126434545808208,,,,False,False
C41,Philidor Defense,2024-11,0.5074543751740198,,,,False,False
C41,Philidor Defense,2024-12,0.5092207448726888,,,,False,False
C41,Philidor Defense,2025-01,0.5099356153596739,,,,False,False
C41,Philidor Defense,2025-02,0.5105345501955671,,,,False,False
C41,Philidor Defense,2025-03,0.5071887128664535,,,,False,False
C41,Philidor Defense,2025-04,0.5102649356132574,,,,False,False
C41,Philidor Defense,2025-05,0.509717686716528,,,,False,False
C41,Philidor Defense,2025-06,0.506460806286489,,,,False,False
C41,Philidor Defense,2025-07,0.5091706865069632,,,,False,False
C41,Philidor Defense,2025-08,0.5109974424552429,,,,False,False
C41,Philidor Defense,2025-09,0.5074493975188461,,,,False,False
C41,Philidor Defense,2025-10,0.5079954466608847,,,,False,False
C41,Philidor Defense,2025-11,0.5106710248029225,,,,False,False
C41,Philidor Defense,2025-12,0.5040307101727447,,,,False,False
C41,Philidor Defense,2026-01,0.5100337715258589,,,,False,False
C41,Philidor Defense,2026-02,0.5090279102295123,,,,False,False
C41,Philidor Defense,2026-03,0.5085190858786381,,,,False,False
C41,Philidor Defense,2026-04,,0.507581,0.504426,0.510735,True,False
C41,Philidor Defense,2026-05,,0.507735,0.504512,0.510958,True,False
C41,Philidor Defense,2026-06,,0.50762,0.504396,0.510845,True,False
C44,King's Pawn Game,2023-01,0.4982707954038965,,,,False,False
C44,King's Pawn Game,2023-02,0.4973988890846416,,,,False,False
C44,King's Pawn Game,2023-03,0.4976504195190771,,,,False,False
C44,King's Pawn Game,2023-04,0.497433057785864,,,,False,False
C44,King's Pawn Game,2023-05,0.4973594369660429,,,,False,False
C44,King's Pawn Game,2023-06,0.4970242944698178,,,,False,False
C44,King's Pawn Game,2023-07,0.4966493732832585,,,,False,False
C44,King's Pawn Game,2023-08,0.4968849336586829,,,,False,False
C44,King's Pawn Game,2023-09,0.4962808637820081,,,,False,False
C44,King's Pawn Game,2023-10,0.4961999456778027,,,,False,False
C44,King's Pawn Game,2023-11,0.4968620753513447,,,,False,False
C44,King's Pawn Game,2023-12,0.4957929401978512,,,,False,False
C44,King's Pawn Game,2024-01,0.496882853905955,,,,False,True
C44,King's Pawn Game,2024-02,0.4964910270548975,,,,False,True
C44,King's Pawn Game,2024-03,0.4974132124890866,,,,False,True
C44,King's Pawn Game,2024-04,0.4980435248246834,,,,False,False
C44,King's Pawn Game,2024-05,0.496955992346495,,,,False,False
C44,King's Pawn Game,2024-06,0.4966234076606099,,,,False,False
C44,King's Pawn Game,2024-07,0.4965935730067703,,,,False,False
C44,King's Pawn Game,2024-08,0.4956949461802606,,,,False,False
C44,King's Pawn Game,2024-09,0.4972487686539734,,,,False,True
C44,King's Pawn Game,2024-10,0.4980587577456269,,,,False,True
C44,King's Pawn Game,2024-11,0.4958325256832719,,,,False,False
C44,King's Pawn Game,2024-12,0.4968964515719485,,,,False,True
C44,King's Pawn Game,2025-01,0.4979670539851454,,,,False,True
C44,King's Pawn Game,2025-02,0.4969217169848792,,,,False,True
C44,King's Pawn Game,2025-03,0.4954230891352038,,,,False,True
C44,King's Pawn Game,2025-04,0.4968835566736007,,,,False,True
C44,King's Pawn Game,2025-05,0.4966529099574519,,,,False,True
C44,King's Pawn Game,2025-06,0.4978176466356763,,,,False,True
C44,King's Pawn Game,2025-07,0.4979807118954597,,,,False,True
C44,King's Pawn Game,2025-08,0.4968958236108667,,,,False,True
C44,King's Pawn Game,2025-09,0.4959354040186122,,,,False,True
C44,King's Pawn Game,2025-10,0.4959389888415246,,,,False,False
C44,King's Pawn Game,2025-11,0.495500319486274,,,,False,False
C44,King's Pawn Game,2025-12,0.4952737561895779,,,,False,False
C44,King's Pawn Game,2026-01,0.4934312046639601,,,,False,False
C44,King's Pawn Game,2026-02,0.4953030514872942,,,,False,False
C44,King's Pawn Game,2026-03,0.4949155830735943,,,,False,False
C44,King's Pawn Game,2026-04,,0.49572,0.494059,0.497381,True,False
C44,King's Pawn Game,2026-05,,0.49615,0.494267,0.498033,True,False
C44,King's Pawn Game,2026-06,,0.496379,0.494438,0.498321,True,False
C50,Italian Game,2023-01,0.4880098317843152,,,,False,False
C50,Italian Game,2023-02,0.4855543932164757,,,,False,False
C50,Italian Game,2023-03,0.4890618163635227,,,,False,False
C50,Italian Game,2023-04,0.4906735366246377,,,,False,False
C50,Italian Game,2023-05,0.4886118854536239,,,,False,False
C50,Italian Game,2023-06,0.4854307467153405,,,,False,False
C50,Italian Game,2023-07,0.485939211278276,,,,False,False
C50,Italian Game,2023-08,0.4869750046648223,,,,False,False
C50,Italian Game,2023-09,0.4885258820808456,,,,False,False
C50,Italian Game,2023-10,0.4877375317280648,,,,False,False
C50,Italian Game,2023-11,0.4879024320406593,,,,False,False
C50,Italian Game,2023-12,0.4877348707951387,,,,False,False
C50,Italian Game,2024-01,0.4881378263661304,,,,False,False
C50,Italian Game,2024-02,0.4888570489888296,,,,False,False
C50,Italian Game,2024-03,0.4918441741701384,,,,False,False
C50,Italian Game,2024-04,0.4921116504854368,,,,False,False
C50,Italian Game,2024-05,0.4884260034144545,,,,False,True
C50,Italian Game,2024-06,0.4889007069438204,,,,False,False
C50,Italian Game,2024-07,0.4869693897125318,,,,False,False
C50,Italian Game,2024-08,0.4855802253284925,,,,False,False
C50,Italian Game,2024-09,0.4870201197297841,,,,False,False
C50,Italian Game,2024-10,0.4871606106816707,,,,False,False
C50,Italian Game,2024-11,0.4858362179335198,,,,False,False
C50,Italian Game,2024-12,0.4873427854766691,,,,False,False
C50,Italian Game,2025-01,0.4879769669610962,,,,False,False
C50,Italian Game,2025-02,0.485372746339494,,,,False,False
C50,Italian Game,2025-03,0.4864310552173548,,,,False,False
C50,Italian Game,2025-04,0.4909043633054313,,,,False,False
C50,Italian Game,2025-05,0.4849120309358677,,,,False,False
C50,Italian Game,2025-06,0.4875827814569536,,,,False,False
C50,Italian Game,2025-07,0.489029880515928,,,,False,False
C50,Italian Game,2025-08,0.4889749528054025,,,,False,False
C50,Italian Game,2025-09,0.4883807940137186,,,,False,False
C50,Italian Game,2025-10,0.4851082480531659,,,,False,False
C50,Italian Game,2025-11,0.4849279433952448,,,,False,False
C50,Italian Game,2025-12,0.4838898082351796,,,,False,False
C50,Italian Game,2026-01,0.4797638024201229,,,,False,False
C50,Italian Game,2026-02,0.4866567232675539,,,,False,False
C50,Italian Game,2026-03,0.4863115532949528,,,,False,False
C50,Italian Game,2026-04,,0.486912,0.482945,0.490878,True,False
C50,Italian Game,2026-05,,0.487163,0.482863,0.491463,True,False
C50,Italian Game,2026-06,,0.487268,0.482912,0.491625,True,False
C60,Ruy Lopez,2023-01,0.504208694952583,,,,False,False
C60,Ruy Lopez,2023-02,0.5019616944619432,,,,False,False
C60,Ruy Lopez,2023-03,0.5024693373604621,,,,False,False
C60,Ruy Lopez,2023-04,0.5026406193918884,,,,False,False
C60,Ruy Lopez,2023-05,0.5011420873843271,,,,False,False
C60,Ruy Lopez,2023-06,0.5057559314820725,,,,False,False
C60,Ruy Lopez,2023-07,0.5001066712179719,,,,False,False
C60,Ruy Lopez,2023-08,0.5046305522051497,,,,False,False
C60,Ruy Lopez,2023-09,0.5019521771738651,,,,False,False
C60,Ruy Lopez,2023-10,0.5004587456583001,,,,False,False
C60,Ruy Lopez,2023-11,0.5028341355886454,,,,False,False
C60,Ruy Lopez,2023-12,0.5020300645484331,,,,False,False
C60,Ruy Lopez,2024-01,0.5013327002557489,,,,False,False
C60,Ruy Lopez,2024-02,0.4993681299029543,,,,False,False
C60,Ruy Lopez,2024-03,0.5025878597790068,,,,False,False
C60,Ruy Lopez,2024-04,0.5038453615326512,,,,False,False
C60,Ruy Lopez,2024-05,0.5031604282886449,,,,False,False
C60,Ruy Lopez,2024-06,0.5018859200856572,,,,False,False
C60,Ruy Lopez,2024-07,0.5029551319403979,,,,False,False
C60,Ruy Lopez,2024-08,0.5005652351261581,,,,False,False
C60,Ruy Lopez,2024-09,0.5049177086937182,,,,False,False
C60,Ruy Lopez,2024-10,0.5022784031057297,,,,False,False
C60,Ruy Lopez,2024-11,0.5002120441051738,,,,False,False
C60,Ruy Lopez,2024-12,0.5016159408495896,,,,False,False
C60,Ruy Lopez,2025-01,0.5024636320976068,,,,False,False
C60,Ruy Lopez,2025-02,0.5044755596102231,,,,False,False
C60,Ruy Lopez,2025-03,0.4984293193717277,,,,False,False
C60,Ruy Lopez,2025-04,0.5021176717412114,,,,False,False
C60,Ruy Lopez,2025-05,0.5019332429040477,,,,False,False
C60,Ruy Lopez,2025-06,0.5049976512344068,,,,False,False
C60,Ruy Lopez,2025-07,0.5047270814811105,,,,False,False
C60,Ruy Lopez,2025-08,0.4986178688914183,,,,False,False
C60,Ruy Lopez,2025-09,0.5016608180868447,,,,False,False
C60,Ruy Lopez,2025-10,0.5044816484224083,,,,False,False
C60,Ruy Lopez,2025-11,0.5037034081993591,,,,False,False
C60,Ruy Lopez,2025-12,0.5002562852392204,,,,False,False
C60,Ruy Lopez,2026-01,0.4995761693298415,,,,False,False
C60,Ruy Lopez,2026-02,0.5010449847936695,,,,False,False
C60,Ruy Lopez,2026-03,0.4988394929476879,,,,False,False
C60,Ruy Lopez,2026-04,,0.502109,0.498438,0.50578,True,False
C60,Ruy Lopez,2026-05,,0.502109,0.498438,0.50578,True,False
C60,Ruy Lopez,2026-06,,0.502109,0.498438,0.50578,True,False
D00,London System,2023-01,0.4887953182986012,,,,False,False
D00,London System,2023-02,0.4925395743391653,,,,False,False
D00,London System,2023-03,0.4880998829496684,,,,False,False
D00,London System,2023-04,0.4939811848804666,,,,False,False
D00,London System,2023-05,0.4936344836499935,,,,False,False
D00,London System,2023-06,0.4910817618626182,,,,False,False
D00,London System,2023-07,0.4944049522125098,,,,False,False
D00,London System,2023-08,0.4867952928297755,,,,False,False
D00,London System,2023-09,0.4908785834136589,,,,False,False
D00,London System,2023-10,0.4912440715067493,,,,False,False
D00,London System,2023-11,0.4876231231785147,,,,False,False
D00,London System,2023-12,0.4894180828887397,,,,False,False
D00,London System,2024-01,0.4925677544247787,,,,False,False
D00,London System,2024-02,0.4928426919112875,,,,False,False
D00,London System,2024-03,0.4947470382236793,,,,False,False
D00,London System,2024-04,0.4955302096177558,,,,False,False
D00,London System,2024-05,0.4893424719439632,,,,False,False
D00,London System,2024-06,0.4914726850210721,,,,False,False
D00,London System,2024-07,0.4846025397071958,,,,False,False
D00,London System,2024-08,0.4863556673526946,,,,False,False
D00,London System,2024-09,0.4925229136517124,,,,False,False
D00,London System,2024-10,0.491216088028837,,,,False,False
D00,London System,2024-11,0.4948940152162415,,,,False,False
D00,London System,2024-12,0.4916303858279537,,,,False,False
D00,London System,2025-01,0.492065781881131,,,,False,False
D00,London System,2025-02,0.4955349760211675,,,,False,False
D00,London System,2025-03,0.4897820677173667,,,,False,False
D00,London System,2025-04,0.4917906514776827,,,,False,False
D00,London System,2025-05,0.4905549918039185,,,,False,False
D00,London System,2025-06,0.4888668779714738,,,,False,False
D00,London System,2025-07,0.4887098648282272,,,,False,False
D00,London System,2025-08,0.4905797378377345,,,,False,False
D00,London System,2025-09,0.4867933946175284,,,,False,False
D00,London System,2025-10,0.4901354120625226,,,,False,False
D00,London System,2025-11,0.4839214690699839,,,,False,False
D00,London System,2025-12,0.4865664383839203,,,,False,False
D00,London System,2026-01,0.4931884663602173,,,,False,False
D00,London System,2026-02,0.4879778191900368,,,,False,False
D00,London System,2026-03,0.49468734457657,,,,False,False
D00,London System,2026-04,,0.490702,0.484874,0.49653,True,False
D00,London System,2026-05,,0.490702,0.484874,0.49653,True,False
D00,London System,2026-06,,0.490702,0.484874,0.49653,True,False
D06,Queen's Gambit,2023-01,0.5092567654084412,,,,False,False
D06,Queen's Gambit,2023-02,0.5100531478369612,,,,False,False
D06,Queen's Gambit,2023-03,0.5086798637012891,,,,False,False
D06,Queen's Gambit,2023-04,0.5096351721937301,,,,False,False
D06,Queen's Gambit,2023-05,0.5092700319839328,,,,False,False
D06,Queen's Gambit,2023-06,0.5113758867919199,,,,False,False
D06,Queen's Gambit,2023-07,0.5105076023391812,,,,False,False
D06,Queen's Gambit,2023-08,0.5114342853630746,,,,False,False
D06,Queen's Gambit,2023-09,0.5106504809894641,,,,False,False
D06,Queen's Gambit,2023-10,0.5115311816327033,,,,False,False
D06,Queen's Gambit,2023-11,0.511033004287566,,,,False,False
D06,Queen's Gambit,2023-12,0.5119379161254141,,,,False,False
D06,Queen's Gambit,2024-01,0.5106099475074329,,,,False,False
D06,Queen's Gambit,2024-02,0.5127997969848102,,,,False,False
D06,Queen's Gambit,2024-03,0.5102070810246763,,,,False,True
D06,Queen's Gambit,2024-04,0.5109051505510214,,,,False,True
D06,Queen's Gambit,2024-05,0.5100604925106883,,,,False,True
D06,Queen's Gambit,2024-06,0.5086849673202615,,,,False,True
D06,Queen's Gambit,2024-07,0.5080645995634047,,,,False,True
D06,Queen's Gambit,2024-08,0.5086579208824186,,,,False,False
D06,Queen's Gambit,2024-09,0.5084650020911298,,,,False,False
D06,Queen's Gambit,2024-10,0.5083989108025856,,,,False,False
D06,Queen's Gambit,2024-11,0.511292102018301,,,,False,False
D06,Queen's Gambit,2024-12,0.508184428926307,,,,False,False
D06,Queen's Gambit,2025-01,0.5078481087587065,,,,False,False
D06,Queen's Gambit,2025-02,0.5092749593054802,,,,False,False
D06,Queen's Gambit,2025-03,0.5092849023457683,,,,False,False
D06,Queen's Gambit,2025-04,0.5079204583754634,,,,False,False
D06,Queen's Gambit,2025-05,0.5066225875242453,,,,False,False
D06,Queen's Gambit,2025-06,0.5099013802265102,,,,False,False
D06,Queen's Gambit,2025-07,0.5074228270250613,,,,False,False
D06,Queen's Gambit,2025-08,0.5073015220074044,,,,False,False
D06,Queen's Gambit,2025-09,0.5111554238833181,,,,False,True
D06,Queen's Gambit,2025-10,0.5107636035074924,,,,False,False
D06,Queen's Gambit,2025-11,0.5120363791388376,,,,False,False
D06,Queen's Gambit,2025-12,0.5107057377579404,,,,False,False
D06,Queen's Gambit,2026-01,0.5099153485548548,,,,False,False
D06,Queen's Gambit,2026-02,0.5085109267727502,,,,False,False
D06,Queen's Gambit,2026-03,0.5084199253915765,,,,False,False
D06,Queen's Gambit,2026-04,,0.508935,0.506438,0.511431,True,False
D06,Queen's Gambit,2026-05,,0.509099,0.506446,0.511752,True,False
D06,Queen's Gambit,2026-06,,0.509278,0.506474,0.512082,True,False
D30,Queen's Gambit Declined,2023-01,0.5053417239865359,,,,False,False
D30,Queen's Gambit Declined,2023-02,0.5065138563837801,,,,False,False
D30,Queen's Gambit Declined,2023-03,0.5009019350606756,,,,False,False
D30,Queen's Gambit Declined,2023-04,0.5045652479280798,,,,False,False
D30,Queen's Gambit Declined,2023-05,0.5053648261832322,,,,False,False
D30,Queen's Gambit Declined,2023-06,0.5076926037467165,,,,False,False
D30,Queen's Gambit Declined,2023-07,0.5072557608074653,,,,False,False
D30,Queen's Gambit Declined,2023-08,0.5070677816563735,,,,False,False
D30,Queen's Gambit Declined,2023-09,0.5057940893192072,,,,False,False
D30,Queen's Gambit Declined,2023-10,0.5055018107853351,,,,False,False
D30,Queen's Gambit Declined,2023-11,0.5054801670146137,,,,False,False
D30,Queen's Gambit Declined,2023-12,0.5094795664826506,,,,False,False
D30,Queen's Gambit Declined,2024-01,0.5033118921816372,,,,False,False
D30,Queen's Gambit Declined,2024-02,0.5060659117516032,,,,False,False
D30,Queen's Gambit Declined,2024-03,0.5016953750169537,,,,False,False
D30,Queen's Gambit Declined,2024-04,0.5079429818300467,,,,False,False
D30,Queen's Gambit Declined,2024-05,0.5044755287192402,,,,False,False
D30,Queen's Gambit Declined,2024-06,0.504528385244091,,,,False,False
D30,Queen's Gambit Declined,2024-07,0.5046387991243615,,,,False,False
D30,Queen's Gambit Declined,2024-08,0.5062818476265137,,,,False,False
D30,Queen's Gambit Declined,2024-09,0.5021444162909825,,,,False,False
D30,Queen's Gambit Declined,2024-10,0.5053172136345209,,,,False,False
D30,Queen's Gambit Declined,2024-11,0.5071942053648373,,,,False,False
D30,Queen's Gambit Declined,2024-12,0.5026509737132894,,,,False,False
D30,Queen's Gambit Declined,2025-01,0.5044954947005128,,,,False,False
D30,Queen's Gambit Declined,2025-02,0.5030760499432463,,,,False,False
D30,Queen's Gambit Declined,2025-03,0.5042079207920792,,,,False,False
D30,Queen's Gambit Declined,2025-04,0.503750790500905,,,,False,False
D30,Queen's Gambit Declined,2025-05,0.50065403962523,,,,False,False
D30,Queen's Gambit Declined,2025-06,0.5063400608735694,,,,False,False
D30,Queen's Gambit Declined,2025-07,0.5029141055447626,,,,False,False
D30,Queen's Gambit Declined,2025-08,0.5029879838070554,,,,False,False
D30,Queen's Gambit Declined,2025-09,0.5063921410308169,,,,False,False
D30,Queen's Gambit Declined,2025-10,0.5073344914109246,,,,False,False
D30,Queen's Gambit Declined,2025-11,0.5078059706482132,,,,False,False
D30,Queen's Gambit Declined,2025-12,0.5046294819870099,,,,False,False
D30,Queen's Gambit Declined,2026-01,0.501586837129738,,,,False,False
D30,Queen's Gambit Declined,2026-02,0.5044692532495323,,,,False,False
D30,Queen's Gambit Declined,2026-03,0.5052187404499401,,,,False,False
D30,Queen's Gambit Declined,2026-04,,0.504951,0.500928,0.508973,True,False
D30,Queen's Gambit Declined,2026-05,,0.504951,0.500928,0.508973,True,False
D30,Queen's Gambit Declined,2026-06,,0.504951,0.500928,0.508973,True,False
D70,Grunfeld Defense,2023-01,0.4680483592400691,,,,False,False
D70,Grunfeld Defense,2023-02,0.4715787215787216,,,,False,False
D70,Grunfeld Defense,2023-03,0.4593533251733986,,,,False,False
D70,Grunfeld Defense,2023-04,0.467793797323929,,,,False,False
D70,Grunfeld Defense,2023-05,0.4640114925447069,,,,False,False
D70,Grunfeld Defense,2023-06,0.4603209739900387,,,,False,False
D70,Grunfeld Defense,2023-07,0.4609735177441835,,,,False,False
D70,Grunfeld Defense,2023-08,0.4746551257776575,,,,False,False
D70,Grunfeld Defense,2023-09,0.4704213938411669,,,,False,False
D70,Grunfeld Defense,2023-10,0.471333702268954,,,,False,False
D70,Grunfeld Defense,2023-11,0.4760218300046447,,,,False,False
D70,Grunfeld Defense,2023-12,0.4579498389323516,,,,False,True
D70,Grunfeld Defense,2024-01,0.4616239648752293,,,,False,False
D70,Grunfeld Defense,2024-02,0.4685779955241033,,,,False,False
D70,Grunfeld Defense,2024-03,0.4691624810185726,,,,False,False
D70,Grunfeld Defense,2024-04,0.461248327047086,,,,False,False
D70,Grunfeld Defense,2024-05,0.4703552708211997,,,,False,False
D70,Grunfeld Defense,2024-06,0.4656889703635808,,,,False,False
D70,Grunfeld Defense,2024-07,0.459233277952126,,,,False,False
D70,Grunfeld Defense,2024-08,0.4693473961766645,,,,False,False
D70,Grunfeld Defense,2024-09,0.4613315841259429,,,,False,False
D70,Grunfeld Defense,2024-10,0.4660669975186104,,,,False,False
D70,Grunfeld Defense,2024-11,0.4648083162285639,,,,False,False
D70,Grunfeld Defense,2024-12,0.4634552448756961,,,,False,False
D70,Grunfeld Defense,2025-01,0.4684674751929438,,,,False,False
D70,Grunfeld Defense,2025-02,0.4631712742294248,,,,False,False
D70,Grunfeld Defense,2025-03,0.4653734590282813,,,,False,False
D70,Grunfeld Defense,2025-04,0.4596488971770304,,,,False,False
D70,Grunfeld Defense,2025-05,0.4775703357967069,,,,False,True
D70,Grunfeld Defense,2025-06,0.4797003073770491,,,,False,False
D70,Grunfeld Defense,2025-07,0.4657183854264146,,,,False,False
D70,Grunfeld Defense,2025-08,0.4726755218216318,,,,False,False
D70,Grunfeld Defense,2025-09,0.4677103718199608,,,,False,False
D70,Grunfeld Defense,2025-10,0.4709868973084619,,,,False,False
D70,Grunfeld Defense,2025-11,0.4677764407006284,,,,False,False
D70,Grunfeld Defense,2025-12,0.4718450230472156,,,,False,False
D70,Grunfeld Defense,2026-01,0.4738757473355862,,,,False,False
D70,Grunfeld Defense,2026-02,0.4682454251883746,,,,False,False
D70,Grunfeld Defense,2026-03,0.4737350728239111,,,,False,False
D70,Grunfeld Defense,2026-04,,0.470264,0.459833,0.480695,True,False
D70,Grunfeld Defense,2026-05,,0.470364,0.459922,0.480806,True,False
D70,Grunfeld Defense,2026-06,,0.470499,0.46005,0.480948,True,False
E20,Nimzo-Indian Defense,2023-01,0.4785653650254668,,,,False,False
E20,Nimzo-Indian Defense,2023-02,0.4806987497859222,,,,False,False
E20,Nimzo-Indian Defense,2023-03,0.4788309030442568,,,,False,False
E20,Nimzo-Indian Defense,2023-04,0.4798485860610109,,,,False,False
E20,Nimzo-Indian Defense,2023-05,0.4832554517133956,,,,False,False
E20,Nimzo-Indian Defense,2023-06,0.4834568382735309,,,,False,False
E20,Nimzo-Indian Defense,2023-07,0.485820774590828,,,,False,False
E20,Nimzo-Indian Defense,2023-08,0.4816,,,,False,False
E20,Nimzo-Indian Defense,2023-09,0.482637453493179,,,,False,False
E20,Nimzo-Indian Defense,2023-10,0.4792044637661315,,,,False,False
E20,Nimzo-Indian Defense,2023-11,0.4810991865472691,,,,False,False
E20,Nimzo-Indian Defense,2023-12,0.4790126760092311,,,,False,False
E20,Nimzo-Indian Defense,2024-01,0.4816539331737548,,,,False,False
E20,Nimzo-Indian Defense,2024-02,0.4828336294094188,,,,False,False
E20,Nimzo-Indian Defense,2024-03,0.4743602989289527,,,,False,False
E20,Nimzo-Indian Defense,2024-04,0.4807089592564573,,,,False,False
E20,Nimzo-Indian Defense,2024-05,0.4863779851770519,,,,False,False
E20,Nimzo-Indian Defense,2024-06,0.4820075757575757,,,,False,False
E20,Nimzo-Indian Defense,2024-07,0.4849151930710935,,,,False,False
E20,Nimzo-Indian Defense,2024-08,0.4839295061943814,,,,False,False
E20,Nimzo-Indian Defense,2024-09,0.4816914804111643,,,,False,False
E20,Nimzo-Indian Defense,2024-10,0.4817397555715312,,,,False,False
E20,Nimzo-Indian Defense,2024-11,0.4823027393606888,,,,False,False
E20,Nimzo-Indian Defense,2024-12,0.4798530991234452,,,,False,False
E20,Nimzo-Indian Defense,2025-01,0.4828271068040954,,,,False,False
E20,Nimzo-Indian Defense,2025-02,0.4832010480080141,,,,False,False
E20,Nimzo-Indian Defense,2025-03,0.473733681462141,,,,False,True
E20,Nimzo-Indian Defense,2025-04,0.482251619660938,,,,False,False
E20,Nimzo-Indian Defense,2025-05,0.483275663206459,,,,False,False
E20,Nimzo-Indian Defense,2025-06,0.4759043242606339,,,,False,False
E20,Nimzo-Indian Defense,2025-07,0.48704040771751,,,,False,False
E20,Nimzo-Indian Defense,2025-08,0.4782117008443908,,,,False,False
E20,Nimzo-Indian Defense,2025-09,0.4835721984909577,,,,False,False
E20,Nimzo-Indian Defense,2025-10,0.484511486512487,,,,False,False
E20,Nimzo-Indian Defense,2025-11,0.4855149580229396,,,,False,False
E20,Nimzo-Indian Defense,2025-12,0.478096733198774,,,,False,False
E20,Nimzo-Indian Defense,2026-01,0.487045080125805,,,,False,False
E20,Nimzo-Indian Defense,2026-02,0.4873022481265612,,,,False,False
E20,Nimzo-Indian Defense,2026-03,0.4862477819003065,,,,False,False
E20,Nimzo-Indian Defense,2026-04,,0.481927,0.475506,0.488347,True,False
E20,Nimzo-Indian Defense,2026-05,,0.481927,0.475506,0.488347,True,False
E20,Nimzo-Indian Defense,2026-06,,0.481927,0.475506,0.488347,True,False
E60,King's Indian Defense,2023-01,0.4880456478347652,,,,False,False
E60,King's Indian Defense,2023-02,0.4900343314896052,,,,False,False
E60,King's Indian Defense,2023-03,0.4897623280005267,,,,False,False
E60,King's Indian Defense,2023-04,0.4894050991501416,,,,False,False
E60,King's Indian Defense,2023-05,0.483955938697318,,,,False,False
E60,King's Indian Defense,2023-06,0.4849525871196969,,,,False,False
E60,King's Indian Defense,2023-07,0.4855475068570223,,,,False,False
E60,King's Indian Defense,2023-08,0.4879145587408656,,,,False,False
E60,King's Indian Defense,2023-09,0.4904298022322302,,,,False,False
E60,King's Indian Defense,2023-10,0.4880005731069561,,,,False,False
E60,King's Indian Defense,2023-11,0.4938099090485646,,,,False,False
E60,King's Indian Defense,2023-12,0.4891687776699259,,,,False,False
E60,King's Indian Defense,2024-01,0.4879851686354669,,,,False,False
E60,King's Indian Defense,2024-02,0.484421441016706,,,,False,False
E60,King's Indian Defense,2024-03,0.4856662296866111,,,,False,False
E60,King's Indian Defense,2024-04,0.4874830145291104,,,,False,False
E60,King's Indian Defense,2024-05,0.4892782233189389,,,,False,False
E60,King's Indian Defense,2024-06,0.4861877002258284,,,,False,False
E60,King's Indian Defense,2024-07,0.4909977688994967,,,,False,False
E60,King's Indian Defense,2024-08,0.4873695356224474,,,,False,False
E60,King's Indian Defense,2024-09,0.4861814770138051,,,,False,False
E60,King's Indian Defense,2024-10,0.4887459807073955,,,,False,False
E60,King's Indian Defense,2024-11,0.4863365579056676,,,,False,True
E60,King's Indian Defense,2024-12,0.4862556781310837,,,,False,True
E60,King's Indian Defense,2025-01,0.4862263033175355,,,,False,False
E60,King's Indian Defense,2025-02,0.4837700315826412,,,,False,False
E60,King's Indian Defense,2025-03,0.4855497382198953,,,,False,False
E60,King's Indian Defense,2025-04,0.4893976039147308,,,,False,True
E60,King's Indian Defense,2025-05,0.4874750310424877,,,,False,False
E60,King's Indian Defense,2025-06,0.4849854878321054,,,,False,False
E60,King's Indian Defense,2025-07,0.4871941117357886,,,,False,True
E60,King's Indian Defense,2025-08,0.489239004469952,,,,False,True
E60,King's Indian Defense,2025-09,0.4915833620590601,,,,False,True
E60,King's Indian Defense,2025-10,0.4897568085508381,,,,False,False
E60,King's Indian Defense,2025-11,0.4926951560383829,,,,False,False
E60,King's Indian Defense,2025-12,0.4902847943152167,,,,False,False
E60,King's Indian Defense,2026-01,0.4889272279887999,,,,False,False
E60,King's Indian Defense,2026-02,0.4874505866850724,,,,False,False
E60,King's Indian Defense,2026-03,0.4892679918959391,,,,False,False
E60,King's Indian Defense,2026-04,,0.48848,0.484252,0.492707,True,False
E60,King's Indian Defense,2026-05,,0.488185,0.483671,0.492699,True,False
E60,King's Indian Defense,2026-06,,0.488075,0.483522,0.492627,True,False
